1036,31.184347/121.441392,72785,54
285,30.957633/121.343012,470931,369
290,30.963144/121.39936,834594,648
156,30.892415/121.023553,1212078,926
2032,31.247886/121.391323,9910,7
400,31.021462/121.321255,1035917,812
1560,31.224718/121.344451,566692,575
2146,31.255905/121.430231,1306262,1026
280,30.956183/121.908274,147529,112
2066,31.250332/121.594504,1724543,1360
1185,31.198953/121.516066,42611,31
591,31.08705/121.503604,292364,267
1244,31.203225/121.399229,5559,4
1379,31.212833/121.423845,1400,1
2950,31.42225/121.355698,380259,301
212,30.918205/121.509992,625755,499
2863,31.378141/121.503801,5429,4
1817,31.237789/121.461058,39177,29
444,31.038201/121.216468,1669615,1343
2453,31.285418/121.47179,21081,16
345,30.999098/121.447826,2206068,1779
2052,31.249162/121.487899,473704,382
1054,31.186465/121.429887,986314,741
2980,31.456615/121.221022,161769,128
126,30.873326/121.284335,459982,371
600,31.08906/121.722984,711632,547
2021,31.246946/121.513919,166619,139
477,31.044667/121.46191,1466521,1182
2799,31.350476/121.519951,9779,8
2635,31.307911/121.518921,785920,624
930,31.170097/121.608906,153412,120
2330,31.271455/121.513192,68709,50
132,30.875057/121.324697,480470,374
2028,31.247569/121.41575,157680,131
1771,31.235847/121.536101,434067,342
2789,31.345443/121.596458,614229,476
855,31.157536/121.203337,2108301,1660
1515,31.221876/121.687381,231245,185
1876,31.240478/121.526884,2086139,1643
2748,31.333315/121.188402,371773,287
903,31.166058/121.403691,248106,194
16,30.73407/121.350673,972132,761
1275,31.205618/121.420639,0,0
675,31.115773/120.907942,4216,3
136,30.877822/121.548349,315062,257
2014,31.246573/121.495702,38141,29
892,31.16346/121.405127,2305513,1862
2983,31.460409/121.401649,1200296,967
2353,31.273966/121.429374,335095,282
1105,31.191818/121.538713,475907,366
739,31.132833/121.17281,391610,315
2684,31.317584/121.626266,49001,36
631,31.10366/121.420217,2258043,1763
2957,31.427978/121.433301,623403,491
2812,31.355737/121.403678,2451120,1893
334,30.992078/121.31207,59063,46
2979,31.456258/121.413525,564801,475
730,31.130862/121.091425,1202329,950
761,31.139656/121.378972,27649,20
2450,31.284953/121.489071,1045543,853
1191,31.19927/121.6228,2821,2
2552,31.29856/121.495449,9265,7
2923,31.409644/121.303936,124298,98
1310,31.209025/121.616514,2093966,1618
2057,31.24981/121.497427,0,0
2542,31.296656/121.483976,545918,442
299,30.97167/121.185692,12515,9
303,30.975316/121.349759,378725,304
583,31.082701/121.448694,1245905,970
1282,31.206458/121.562768,16907,13
1688,31.232857/121.475333,1286902,966
2158,31.256654/121.599709,48043,36
1045,31.185065/121.503655,141688,111
495,31.048845/121.231719,947328,803
1108,31.19206/121.438501,508868,391
1430,31.216528/121.439617,148099,115
443,31.037985/121.752781,403927,308
1776,31.236009/121.478941,1019265,764
931,31.17023/121.337413,3927709,3091
466,31.04139/121.741651,607630,477
1015,31.18158/121.295188,4223,3
771,31.142588/121.756503,28252,21
1799,31.236842/121.433815,5713,4
258,30.940176/121.086747,51240,39
1558,31.224551/121.547983,105085,76
1451,31.217323/121.753758,285924,229
2713,31.324464/121.387532,2032463,1599
2093,31.251894/121.464026,587314,447
1742,31.234796/121.533464,634481,490
2861,31.376717/121.539395,87403,67
2302,31.268538/121.49713,75560,61
2056,31.249796/121.582523,22647,18
1545,31.224027/121.423777,2870,2
176,30.900276/121.251645,1428,1
120,30.866941/121.595653,8408,7
2557,31.299183/121.628904,321098,249
2663,31.313065/121.417971,1389594,1103
2356,31.27431/121.448589,1056231,825
2222,31.261062/121.500145,367403,418
2472,31.288102/121.122551,80743,67
1499,31.220809/121.305363,887727,777
1323,31.209704/121.368486,161171,128
2544,31.29711/121.519384,2835,2
1878,31.240587/121.402322,236369,198
1579,31.225878/121.466952,6928,5
1144,31.195613/121.40425,936076,769
770,31.142218/121.413767,424622,327
968,31.17625/121.418829,20890,15
1647,31.230405/121.534439,2868,2
619,31.099642/121.449578,2311732,1888
467,31.041762/120.928733,140201,102
981,31.177291/121.405153,65648,56
446,31.038725/121.464203,663081,538
1273,31.205115/121.492127,6516,5
2329,31.271321/121.521621,4212,3
510,31.054254/121.087156,12542,11
1733,31.234499/121.463079,256714,192
1846,31.239149/121.488022,19811,19
2555,31.298752/121.491919,1204914,930
2061,31.25003/121.406481,9917,8
2999,31.497375/121.324955,58907,47
792,31.146551/121.235394,156161,137
106,30.852916/121.364997,195765,153
1956,31.243446/121.675041,397875,307
641,31.107362/121.020176,196473,156
2001,31.246106/121.443663,1136807,899
1297,31.207679/121.489691,745231,577
2835,31.365012/121.504701,61166,50
1269,31.204763/121.526768,210690,159
2342,31.273024/121.42572,155524,142
250,30.935837/121.561311,155702,126
698,31.121152/121.141999,1279559,1032
610,31.09599/121.238111,57218,45
1471,31.21882/121.436387,66238,54
175,30.900013/121.049649,371761,304
1066,31.188068/121.699562,0,0
1568,31.225266/121.444323,1369559,1334
2938,31.415037/121.260851,0,0
2904,31.397749/121.267217,378279,285
2657,31.312192/121.456456,547798,414
2116,31.253467/121.447489,0,0
535,31.060813/121.789941,0,0
829,31.154875/121.131226,519038,412
44,30.774911/121.259927,480714,361
1213,31.201009/121.610969,67179,54
1141,31.195139/121.385973,1094590,857
1114,31.192457/121.443575,5511,4
311,30.978325/121.70767,276962,215
2573,31.300163/121.504294,0,0
2322,31.270571/121.476897,0,0
1021,31.182198/121.390214,613078,481
496,31.049556/121.600672,438928,348
2114,31.253394/121.389864,589907,466
2963,31.432457/121.359456,25262,19
1296,31.207348/121.70185,582823,454
1479,31.219239/121.418564,286129,216
2018,31.246782/121.528695,2676,2
1498,31.220745/121.438858,26952,21
2502,31.291773/121.203129,188052,142
1795,31.236728/121.42407,436722,346
1301,31.208187/121.479316,2667,2
819,31.152182/121.564661,1593760,1225
165,30.89659/121.281933,498669,370
2484,31.289528/121.412608,0,0
412,31.025227/121.44251,1654693,1314
391,31.018662/121.420209,53353,41
1090,31.190389/121.457678,1246371,987
779,31.143835/120.935676,12698,9
2045,31.248587/121.277434,1708418,1283
2180,31.258551/121.584794,85221,63
75,30.824298/121.363989,452906,355
256,30.939279/121.074396,69625,54
245,30.934254/121.279662,819545,638
997,31.179594/121.55951,4197,3
2300,31.268106/121.49354,173321,129
293,30.966714/121.771375,300485,233
1055,31.186628/121.372116,450229,341
1286,31.206668/121.449678,117640,86
67,30.810888/121.234763,147578,114
837,31.155379/121.765101,0,0
185,30.902744/121.173518,8087,6
958,31.17446/121.798555,0,0
1245,31.203252/121.441646,2716,3
1293,31.207205/121.482691,1141227,907
845,31.156454/121.815297,230442,188
2739,31.331055/121.52962,286259,220
558,31.070433/121.467199,137339,109
1968,31.244229/121.475231,370837,283
752,31.137509/121.40768,4254192,3763
545,31.065995/121.314532,268258,205
2423,31.281567/121.557955,469660,421
2572,31.300119/121.532041,873865,711
918,31.168519/121.804669,473148,368
135,30.87706/121.856429,590205,467
525,31.05815/120.970188,362408,277
362,31.00953/121.052076,128129,101
98,30.844718/121.256228,220115,171
321,30.983966/121.737727,172013,137
576,31.080824/121.390896,1123239,884
2224,31.261499/121.457989,25611,19
2581,31.301024/121.509195,0,0
1684,31.23271/121.455345,625358,490
201,30.910239/121.419143,174351,135
2469,31.287632/121.458734,800899,619
738,31.132785/121.413457,1852868,1476
682,31.116903/121.595022,1205838,918
2606,31.30379/121.455146,16619,13
2477,31.288667/121.527375,1376482,1073
2341,31.273019/121.307617,2128597,1673
2273,31.265918/121.428644,21020,16
666,31.113159/121.06421,214854,165
1998,31.246038/121.531441,19464,14
171,30.898595/121.030128,257551,195
2344,31.273183/121.488391,844560,655
1794,31.23672/121.488128,1410,1
629,31.10346/121.419988,5606,4
308,30.976672/121.459345,11116,9
2107,31.252686/121.491508,0,0
2630,31.307268/121.521916,3533642,2735
2185,31.258677/121.392956,301061,249
1634,31.22978/121.540987,25107,19
790,31.146311/121.399951,5019602,3952
454,31.039158/121.239632,761961,598
2187,31.25879/121.627202,346103,285
1423,31.216154/121.557057,7072,5
340,30.995671/121.095344,9304,8
825,31.154144/121.118793,3959,4
1179,31.198673/121.479377,42649,35
884,31.162714/121.772242,1023713,818
2297,31.267826/121.521146,276627,241
2677,31.316557/121.516135,318738,252
2644,31.310089/121.640057,153397,115
1449,31.217261/121.391532,232988,196
2262,31.26484/121.498029,327736,255
661,31.112344/121.480257,1100235,1138
2929,31.410799/121.48934,4240,4
797,31.148785/121.115114,338480,259
2882,31.387389/121.431922,421417,338
881,31.162282/121.426688,558743,437
640,31.106759/121.398956,744197,567
1746,31.234885/121.529933,22135,18
183,30.901978/121.452316,167539,125
482,31.045319/121.846169,114035,98
1990,31.245524/121.496417,0,0
2537,31.295646/121.498045,6995,6
776,31.143681/121.353698,171631,131
1093,31.190828/121.420662,28421,20
917,31.168501/121.402505,43075,42
124,30.872205/121.530081,936949,705
1341,31.2106/121.411728,21192,17
2747,31.333313/121.333805,221675,172
2249,31.263678/121.468663,570774,453
2732,31.327488/121.437837,1169758,912
1126,31.193686/121.423417,150118,115
178,30.900531/121.399787,53038,39
2786,31.344675/121.443963,2119130,1713
2520,31.294157/121.432501,4295,3
2761,31.337262/121.473928,1991693,1720
2260,31.264503/121.715846,204466,157
309,30.977355/121.74808,95951,75
1225,31.20188/121.479048,5565,4
1240,31.202912/121.712449,236971,192
2393,31.278028/121.583992,83269,66
2670,31.314684/121.522729,46296,34
1827,31.238199/121.484427,5225,4
301,30.974035/121.554233,658309,512
1409,31.214958/121.527054,1191189,927
265,30.945561/121.150834,458215,344
777,31.143754/121.434357,753131,606
1913,31.241762/121.50497,1211063,935
587,31.08532/121.237002,301859,252
691,31.119806/121.071074,356928,285
505,31.052639/121.761696,875605,681
2447,31.284348/121.564303,32379,34
1397,31.214193/121.376945,200676,152
2560,31.299322/121.445001,15705,13
160,30.894639/121.21016,326541,260
1262,31.204179/121.538588,1319813,1023
2004,31.246176/121.494923,18395,16
2242,31.263107/121.456686,1438,1
549,31.068209/121.373076,444822,356
210,30.916416/121.467057,7045,6
1705,31.233431/121.471698,8500,6
800,31.149628/121.43924,903057,696
1400,31.214561/121.298904,1601383,1345
1353,31.21138/121.728982,64651,59
725,31.128227/121.45441,1269959,1013
942,31.17247/121.404203,1764817,1362
618,31.099126/121.813976,84853,71
1946,31.242967/121.51048,129052,100
570,31.075694/121.505294,95019,69
2375,31.276349/121.39526,595274,474
2671,31.315405/121.532388,11232,10
1766,31.235501/121.402602,4140,4
476,31.044065/121.537499,71624,55
685,31.117844/121.402074,2126079,1681
139,30.880213/121.907656,12403,9
1,30.715526/121.351073,1689511,1337
2042,31.248325/121.158122,113052,86
2408,31.279562/121.467095,185104,134
222,30.920156/121.488943,592533,486
2227,31.261655/121.474716,44592,36
147,30.889117/121.317123,77396,60
936,31.17148/121.411456,12926,10
2041,31.248296/121.492384,0,0
1797,31.236743/121.36086,147814,110
1094,31.190941/121.420437,0,0
766,31.140855/121.360032,2049405,1663
2136,31.255025/121.199554,783041,618
1477,31.219133/121.524846,297090,242
509,31.054051/121.741771,8362,7
2048,31.248836/121.463246,42423,35
1305,31.208476/121.466867,11311,8
1071,31.188332/121.405187,15275,13
1127,31.193771/121.546521,48037,36
138,30.879413/121.704723,29652,24
1154,31.196135/121.558528,452083,353
164,30.89577/121.697282,118579,92
2585,31.301233/121.167693,18129,16
47,30.781759/121.168333,146721,106
1758,31.23537/121.522706,42732,33
1311,31.20907/121.436851,0,0
2629,31.307215/121.486962,1148386,921
2879,31.384742/121.277311,115006,98
2419,31.280452/121.480426,846113,701
2604,31.303478/121.55082,671156,512
889,31.1634/121.396418,162204,124
1325,31.209872/121.409627,31178,22
1041,31.184888/121.510295,1181352,934
694,31.120753/121.381579,1466791,1128
811,31.150865/121.336324,16624,13
41,30.770905/121.407376,82621,60
2503,31.292008/121.36941,637244,500
1982,31.244865/121.549508,5547,4
2191,31.259098/121.373134,46710,37
1750,31.235072/121.518805,586808,482
61,30.802409/121.205114,449008,342
2439,31.283777/121.379482,2878,7
990,31.178088/121.413515,785924,619
2589,31.301749/121.457406,824592,634
2196,31.259353/121.427018,7770,6
435,31.035335/121.117893,435761,339
93,30.841016/121.482504,114965,89
1834,31.238579/121.49665,1261,1
749,31.136777/121.546762,706865,539
2391,31.27795/121.538718,923198,718
2033,31.247955/121.495452,66870,54
840,31.15562/121.130864,30527,23
2252,31.264003/121.489834,67643,52
2770,31.339114/121.321261,1681833,1350
1895,31.241084/121.467265,35264,27
1907,31.241577/121.485099,12821,10
546,31.06623/121.321933,3441594,2717
329,30.99055/121.126163,191506,147
1208,31.200783/121.446011,522849,400
2374,31.276317/121.524794,1171343,907
1948,31.243013/121.416207,983820,766
1706,31.233452/121.480931,68955,53
1018,31.182032/121.388195,15338,11
2031,31.247703/121.536476,2859,2
448,31.038898/121.23984,109919,84
1832,31.238517/121.429012,55812,41
1738,31.234737/121.513936,31888,23
2935,31.414397/121.481621,1697858,1315
2416,31.280339/121.402957,941330,727
1778,31.236104/121.375177,1251116,993
1313,31.209182/121.752433,495196,398
1433,31.216651/121.604749,34101,25
710,31.12408/121.716759,877027,670
1718,31.233973/121.41641,1351582,1030
1201,31.200249/121.443811,953125,732
1168,31.197573/121.37641,312123,252
69,30.814394/121.18284,157959,134
1111,31.19232/121.142889,1067852,811
1966,31.244007/121.482838,0,0
524,31.058092/121.235964,441155,338
1950,31.243061/121.517168,46944,40
1690,31.232893/121.380242,539965,422
1761,31.23543/121.447652,819957,637
604,31.092058/121.38753,4239081,3374
1773,31.235929/121.449652,3813967,2894
935,31.171101/121.507145,715557,560
1597,31.227348/121.350438,15042,12
2303,31.268642/121.332479,3006783,2403
1267,31.204614/121.432408,799053,614
1304,31.208403/121.441631,10046,7
312,30.978506/121.447689,1274035,981
1917,31.242039/121.687875,165968,125
111,30.860242/121.79388,830195,631
427,31.032565/121.409407,1376846,1069
63,30.802978/121.397313,123662,109
2051,31.249067/121.543826,0,0
2288,31.267478/121.5468,430228,346
1164,31.197152/121.444999,77065,58
1037,31.184426/121.15811,496138,358
2910,31.402222/121.493387,1556466,1583
724,31.127879/121.452728,297477,273
459,31.039725/121.225427,50291,39
326,30.988441/121.87486,602081,470
578,31.08111/121.263537,1560740,1229
2092,31.251883/121.418603,579817,464
2933,31.41351/121.367585,57443,47
1188,31.199128/121.540588,5708,4
2740,31.331242/121.225906,346936,268
902,31.166046/121.642137,124348,95
2036,31.248117/121.466399,14101,10
2457,31.285861/121.507007,482356,379
539,31.063443/121.227299,0,0
569,31.075231/121.436269,1177155,916
2318,31.270302/121.398224,96819,71
2460,31.286066/121.474323,211725,154
173,30.899117/121.175731,1249174,977
53,30.796696/121.200272,149855,134
1555,31.224452/121.511537,875960,724
956,31.174304/121.436093,32742,35
2479,31.289072/121.481426,45537,36
1478,31.219143/121.418582,2862,3
1023,31.1823/121.394288,1414,1
1592,31.22714/121.391029,497096,372
121,30.867598/121.198612,63126,59
488,31.046753/121.062205,5632,4
1701,31.233185/121.481944,22241,17
1097,31.191178/121.46648,15476,12
78,30.828106/121.187081,58122,49
28,30.741693/121.367052,638189,486
2838,31.366638/121.43543,681452,535
271,30.948533/121.465504,160397,131
1435,31.216682/121.468605,8382,6
1162,31.19708/121.382863,1260,1
998,31.179738/121.422728,8254,6
1985,31.245183/121.484965,82444,61
426,31.032045/121.783775,406478,323
1502,31.221201/121.497347,174591,135
993,31.178673/121.521509,7937,6
894,31.164195/121.330502,3118170,2486
1785,31.236339/121.52576,1413,1
543,31.065206/121.803371,703898,558
1158,31.196975/121.440602,1433,1
1102,31.1917/121.440205,0,0
21,30.736093/121.355957,91222,68
1798,31.236828/121.514196,179919,133
1287,31.206761/121.399923,19743,16
2231,31.262032/121.117499,650371,493
2796,31.348925/121.178176,60378,44
1692,31.23301/121.442524,329257,260
593,31.087196/121.505435,74117,59
155,30.891706/121.171358,12749,10
1396,31.214115/121.406884,323165,246
2757,31.336058/121.274257,5352,5
2899,31.396658/121.496972,1068007,883
1000,31.180043/121.609028,86325,64
2994,31.486/121.243442,12614,9
817,31.152157/121.514858,3576593,2873
1670,31.231687/121.32576,1066671,920
2809,31.355364/121.537096,1529793,1186
1638,31.229998/121.538807,5590,4
57,30.799332/121.268825,583636,455
2844,31.370243/121.576881,61529,50
2019,31.246871/121.409978,14015,12
1312,31.209182/121.535827,936467,711
1940,31.242837/121.455083,403491,327
1005,31.180581/121.527653,58038,46
2349,31.273451/121.681542,534128,433
2482,31.289489/121.341656,362430,295
1375,31.212572/121.537172,8151,6
1463,31.218022/121.504024,182391,139
1974,31.24453/121.518623,1433,1
588,31.085713/120.966216,46644,38
852,31.157151/121.431115,131139,102
2917,31.405231/121.506638,1944124,1514
2428,31.281993/121.464732,58028,43
554,31.069757/121.399847,1346744,1054
1772,31.235908/121.57067,6891,5
425,31.031459/121.300841,866227,658
31,30.747024/121.287991,151374,114
1377,31.212718/121.447853,742382,590
1317,31.209454/121.524245,7966,7
1783,31.23626/121.493692,1418,1
1148,31.19565/121.439802,25320,18
1942,31.242864/121.426322,14071,10
3,30.716187/121.349498,1838755,1450
2354,31.273982/121.512661,1723333,1344
1864,31.239763/121.540092,280723,217
1167,31.197573/121.454035,331532,263
643,31.108792/121.061126,65515,48
1238,31.202814/121.41625,0,0
897,31.165339/121.427732,1112989,885
996,31.17939/121.754087,610826,468
367,31.011339/121.296295,583274,461
1316,31.209424/121.530284,26589,21
1589,31.226773/121.480316,10010,10
396,31.019982/121.244295,976826,778
2132,31.254863/121.509673,0,0
2096,31.252241/121.57094,558203,425
844,31.156365/121.41831,37961,28
328,30.990222/121.082742,33262,27
2306,31.268884/121.44402,21277,18
1700,31.233151/121.530498,58810,46
1978,31.244604/121.51606,5681,4
816,31.152045/121.420017,94508,70
1769,31.235631/121.567852,1421,2
983,31.17762/121.511042,1093657,870
2745,31.332279/121.286543,6989,5
657,31.111607/121.324796,1079469,842
1577,31.225831/121.412695,247972,203
2507,31.292582/121.508354,11021,9
758,31.139021/121.323325,2763,2
86,30.832601/121.445485,474463,366
2720,31.326418/121.501541,258428,212
2754,31.33454/121.46611,340975,258
2639,31.308902/121.502016,51878,39
1731,31.234382/121.531106,164297,137
1617,31.228847/121.338653,921941,736
627,31.10221/121.277743,75299,59
1013,31.181381/121.688934,728054,579
1326,31.209881/121.416504,0,0
2268,31.265413/121.564718,0,0
403,31.023064/121.534267,328689,270
1873,31.240412/121.45723,227845,182
2272,31.265902/121.537589,139441,109
1787,31.236381/121.484201,386542,298
2601,31.303318/121.522983,8390,6
1130,31.194107/121.399831,53076,38
370,31.012108/121.074488,86284,73
1344,31.210843/121.491168,1747284,1390
2993,31.483764/121.274813,299193,228
2884,31.387989/121.396749,199461,150
337,30.993594/121.348984,183321,139
2200,31.259763/121.089338,20950,17
2387,31.277512/121.287969,2356481,1895
1040,31.184883/121.430689,312068,237
1052,31.186202/121.54793,20879,16
1723,31.234105/121.34044,1432,3
2294,31.267654/121.473299,968613,743
2075,31.25079/121.48933,471344,373
2878,31.384186/121.484871,1112390,951
2888,31.39034/121.272165,1109190,868
1735,31.234545/121.743402,0,0
2433,31.282271/121.524511,1015881,795
2833,31.364407/121.561457,275500,212
1065,31.187859/121.444801,83036,63
1044,31.185044/121.414303,79413,85
1594,31.227165/121.480195,406810,310
895,31.164838/121.410811,195646,150
632,31.103853/121.810034,450719,347
1331,31.210033/121.405714,450185,342
2506,31.292519/121.549839,560384,422
639,31.106732/121.290566,93235,77
1143,31.195442/121.754406,6585,5
1442,31.217037/121.43649,227857,163
2750,31.333953/121.449114,4197,3
642,31.108567/121.766873,2030934,1604
1489,31.220133/121.471187,0,0
1632,31.229334/121.368291,1288316,1031
1200,31.200248/121.474414,221101,178
2461,31.286253/121.531109,45313,36
2054,31.249356/121.410275,19826,15
1902,31.241242/121.517216,529971,411
2104,31.252597/121.502424,5221,6
30,30.746649/121.378099,0,0
1365,31.211757/121.46438,1376,1
2729,31.327299/121.452936,679949,541
1030,31.183064/121.407773,192626,146
437,31.036404/121.272345,424692,335
1853,31.239474/121.495166,14942,11
1298,31.2077/121.669382,1667215,1328
1542,31.223721/121.482534,11321,9
995,31.179351/121.31286,11217,9
1734,31.234528/121.528657,17050,15
2083,31.251211/121.491022,9670,7
2631,31.307339/121.534119,19686,17
1669,31.231663/121.428471,165157,126
2432,31.282237/121.42091,1491221,1183
1928,31.242355/121.490982,36288,28
529,31.058968/121.787072,426236,330
2775,31.340851/121.63262,512752,404
1465,31.218201/121.487151,3349724,2533
1482,31.21953/121.455395,4304,4
275,30.953524/121.483682,17558,14
1330,31.209934/121.604472,225432,183
2612,31.304538/121.526838,344568,262
566,31.073706/121.680729,437950,337
1657,31.231035/121.555602,120555,97
533,31.060535/121.274528,83919,59
2610,31.304081/121.326517,824067,632
2049,31.248866/121.478438,0,0
2442,31.283959/121.416644,1235141,969
2848,31.370654/121.459272,1084111,1192
2284,31.266743/121.481644,1636418,1303
2590,31.301877/121.353206,955709,764
1553,31.224385/121.143509,93493,76
2912,31.403164/121.489072,2830,3
2,30.716044/121.291037,80859,59
2675,31.315825/121.532151,319898,253
2964,31.434069/121.448741,323436,245
2304,31.268663/121.428101,656038,532
2556,31.299073/121.552202,229075,176
2667,31.314038/121.509762,989017,806
1475,31.219088/121.428934,75085,56
759,31.139023/121.356356,15529,15
1335,31.210354/121.595268,174387,142
1847,31.23923/121.483027,0,0
915,31.168241/121.437559,179577,146
2011,31.246433/121.443184,20999,18
2142,31.255489/121.469155,1272,1
802,31.149689/121.531301,1744727,1452
2574,31.300338/121.526827,340969,261
2885,31.388641/121.444174,2628085,2419
1740,31.23478/121.51668,5630,7
2578,31.300693/121.496182,1605331,1243
1292,31.207139/121.449578,323992,251
2907,31.400853/121.483671,204591,170
948,31.173163/121.356571,693163,534
1639,31.230109/121.434393,736333,564
721,31.127217/121.335543,2028946,1590
2245,31.263474/121.48934,117423,89
868,31.159704/121.457647,905674,712
1026,31.182483/121.5762,898882,690
1520,31.222328/121.461659,109690,83
2527,31.294609/121.526886,731600,579
2627,31.307142/121.362041,147059,117
959,31.174661/121.52822,1906660,1483
2857,31.373432/121.490334,348112,267
1951,31.243189/121.515482,1391,1
302,30.975236/121.195313,287632,231
2593,31.302/121.670498,74191,60
885,31.162868/121.448422,1028086,819
2296,31.267737/121.529422,111928,87
281,30.956486/121.40597,442072,364
451,31.038964/121.2261,11071,9
2989,31.469563/121.384552,449657,375
1919,31.242082/121.522779,9836,8
2727,31.32712/121.254377,1315658,1071
951,31.174053/121.282683,2378021,1966
192,30.904757/121.467941,736891,598
410,31.024911/121.255017,241049,208
2295,31.267673/121.346341,16816,14
1218,31.201259/121.40143,1167833,947
145,30.887807/121.346419,785051,612
807,31.150483/121.491401,1674924,1668
755,31.138371/121.416975,2766487,2241
2024,31.24708/121.419525,844167,653
2791,31.346801/121.577398,1484348,1152
1255,31.203978/121.423912,1151151,925
2909,31.402193/121.367083,428627,326
849,31.156954/121.146623,67836,52
1575,31.225663/121.452017,3780,3
2208,31.260429/121.426787,517002,406
2688,31.318281/121.447698,1160777,917
324,30.986462/121.409757,113977,92
1172,31.198093/121.126168,1229443,967
1413,31.215246/121.604329,1746397,1383
2654,31.311982/121.457348,4300,3
980,31.177248/121.51249,2826,3
2538,31.296101/121.505474,8461,6
2459,31.286022/121.497436,1450074,1151
2216,31.260814/121.490337,952684,733
320,30.98383/121.235077,618889,498
169,30.898128/121.536836,186581,148
1299,31.208108/121.41483,313021,241
1486,31.219856/121.568149,23697,17
484,31.045834/121.408322,2255795,1722
1182,31.198836/121.215066,1230628,941
257,30.940039/121.548407,171634,151
683,31.117005/121.271194,1997777,1574
2945,31.419608/121.431596,79224,58
2913,31.403259/121.447841,466219,482
2918,31.405792/121.489703,534665,429
2608,31.303976/121.474504,869809,661
2225,31.26153/121.582783,8440,8
2157,31.256595/121.493953,45383,41
2395,31.278161/121.486144,23945,21
1178,31.198372/121.355749,366470,276
1624,31.22903/121.3909,13518,10
1842,31.238943/121.498554,14810,11
1277,31.205813/121.413544,526857,408
728,31.129482/121.192266,120202,101
1859,31.239692/121.380057,18528,13
2198,31.259633/121.594477,2024572,1580
2377,31.276616/121.593917,30471,22
1219,31.201279/121.709485,2680336,2101
4,30.718108/121.283169,257703,192
1450,31.217315/121.635295,332243,249
2002,31.246109/121.496577,2865,3
1815,31.237667/121.434224,0,0
652,31.110606/121.517194,153459,115
2649,31.311329/121.495756,1342199,1101
2914,31.40369/121.255993,8454,6
1243,31.203194/121.46865,94873,70
2079,31.250986/121.460075,157379,123
1777,31.236055/121.434759,85952,67
1748,31.234916/121.447878,0,0
1264,31.204343/121.407018,952834,712
393,31.019246/121.250749,1016353,824
1741,31.234787/121.498324,40778,30
1339,31.210582/121.529652,555455,410
149,30.889354/121.488288,116054,87
2468,31.287554/121.539,7045,5
1564,31.224854/121.476992,17220,19
2695,31.318974/121.412838,588380,452
2251,31.263879/121.49436,119699,93
2283,31.266679/121.539067,190299,139
66,30.808567/121.29074,756062,589
2651,31.311631/121.354326,1210810,927
141,30.881092/121.162611,18348,14
827,31.154497/121.501351,35566,26
1295,31.207251/121.407122,72189,56
474,31.043246/120.924071,14839,13
1681,31.232527/121.530359,8395,7
89,30.837343/121.275733,26790,21
2584,31.301132/121.177821,646626,482
2177,31.258441/121.461361,14141,10
279,30.955208/121.732358,1107365,874
113,30.86245/121.124035,5708,4
1707,31.233516/121.491431,886285,699
100,30.846647/121.431405,57584,47
2892,31.395438/121.472743,256184,240
2108,31.252877/121.148181,669912,510
1506,31.221325/121.448881,913791,709
2351,31.273767/121.222048,1731358,1345
833,31.155297/121.573504,1900231,1558
97,30.844717/121.528288,229371,169
684,31.1171/121.391692,102919,80
2607,31.3038/121.450721,130993,101
2462,31.28627/121.599397,120088,91
25,30.739797/121.32739,996054,784
1209,31.200811/121.444401,842509,649
430,31.034225/121.254609,17042,12
1391,31.213701/121.41802,1465951,1164
1228,31.201966/121.545756,44173,32
2103,31.252588/121.463263,37000,27
1967,31.244102/121.437744,925752,762
2847,31.370457/121.470415,410573,323
144,30.884387/121.408648,539762,417
1161,31.19706/121.095538,338394,275
2293,31.2676/121.541803,383096,300
2470,31.287814/121.355886,823883,734
2165,31.257157/121.398524,0,0
1713,31.233674/121.498294,1462223,1107
2149,31.256071/121.462096,458695,344
521,31.057696/121.207516,286747,243
883,31.162463/121.364262,2435565,1728
1943,31.242867/121.490229,269133,210
1087,31.190168/121.467092,168649,130
1336,31.210381/121.471721,6868,7
1938,31.242744/121.425797,5595,4
2338,31.272659/121.601779,39556,29
1573,31.225488/121.445983,5334,4
2491,31.290758/121.514018,16667,12
278,30.95485/121.328077,7040,7
1195,31.199721/121.325753,2229930,1706
414,31.025763/121.541983,1024892,803
628,31.102445/121.413911,2322370,1827
1997,31.24595/121.403327,9925,9
107,30.853798/121.344272,1040172,815
394,31.019533/121.388705,514641,406
1376,31.212716/121.419839,4097,4
1322,31.209644/121.56447,1474910,1254
1821,31.237872/121.470259,1088593,801
831,31.154923/121.36045,2594832,2016
2704,31.32087/121.393055,208495,160
1398,31.214209/121.659493,1007622,797
1586,31.226656/121.430679,0,0
2990,31.473557/121.331298,70062,53
409,31.024417/121.471297,503751,393
2937,31.415025/121.466574,0,0
1588,31.226708/121.481109,13848,10
1091,31.190483/121.434806,171198,126
1988,31.245393/121.705496,1031578,840
2897,31.396049/121.448747,41989,31
298,30.970389/121.451558,138341,104
1016,31.181629/121.510713,16932,12
2839,31.367392/121.276877,197308,152
2801,31.350616/121.589116,712065,553
2534,31.295335/121.555781,797668,621
2088,31.251584/121.4917,1204651,1335
333,30.991693/121.639711,96077,75
90,30.838141/121.189035,185076,140
87,30.832683/121.481868,1098469,913
1871,31.240285/121.546323,17052,12
1116,31.192915/121.682688,1484805,1182
1918,31.242078/121.331128,695506,547
2219,31.260888/121.340352,59505,45
784,31.145439/121.417433,4430004,3561
1421,31.216092/121.508679,150046,127
2974,31.450256/121.254671,436427,331
1745,31.234867/121.46325,225835,175
1306,31.208589/121.524447,455247,357
231,30.926464/121.682732,189846,153
2184,31.25867/121.428896,58066,42
798,31.148848/121.314851,2236172,1740
348,31.00153/121.235235,80722,65
2653,31.311942/121.54204,1986177,1552
2731,31.327484/121.406697,1113527,857
416,31.027984/121.267724,0,1
440,31.036987/121.386554,1266404,992
1611,31.228282/121.556676,12641,10
898,31.165389/121.119468,4128,3
2541,31.296619/121.497055,114877,89
2122,31.254042/121.464758,1048921,814
439,31.036623/121.377512,415952,330
859,31.158515/121.1384,741940,581
2561,31.299376/121.670896,65706,48
530,31.059304/121.53566,767465,623
2323,31.270626/121.5908,1238394,1001
1541,31.223665/121.458791,1059844,843
1007,31.180753/121.749174,602370,466
406,31.023331/121.315006,167382,131
1060,31.187254/121.536259,1402682,1086
1986,31.245215/121.601813,6995,5
2668,31.314113/121.110731,36506,26
681,31.116791/121.166516,502550,389
338,30.993883/121.129758,1175019,906
1566,31.225092/121.38464,240930,176
1909,31.241604/121.491093,0,0
2089,31.251614/121.464007,32178,27
648,31.109666/121.052906,379543,297
166,30.897085/121.617832,692376,538
835,31.155344/121.2025,1088782,907
2656,31.312117/121.474859,212093,160
2134,31.25495/121.739898,98746,91
180,30.901012/121.167878,2697,2
2986,31.467705/121.201637,52598,40
2787,31.344797/121.500999,177625,157
962,31.175621/121.317835,891767,705
1949,31.243039/121.478897,25577,20
1651,31.230665/121.449046,8505,6
1802,31.236897/121.363985,15506,13
2992,31.48259/121.348661,284075,251
899,31.16584/121.530742,796747,619
954,31.174223/121.436719,0,0
2721,31.326513/121.490258,12902,10
828,31.154675/121.81374,267679,202
1022,31.182284/121.449609,0,0
1352,31.211339/121.406552,1439,1
909,31.167279/121.113649,256971,200
105,30.852446/121.262447,24395,19
2616,31.305114/121.41898,179323,135
2496,31.29099/121.697503,685551,518
961,31.175318/121.181299,1516180,1257
2687,31.318258/121.167266,140777,104
785,31.145641/121.449009,627600,525
1562,31.224758/121.446392,18670,31
1028,31.182725/121.41492,777465,613
1006,31.180728/121.386832,0,0
756,31.138666/121.398483,99564,73
679,31.116535/121.678055,680093,533
2346,31.273242/121.499598,489776,376
2316,31.270144/121.354637,11062,11
162,30.895162/121.094602,121902,96
934,31.170967/121.40072,67882,52
1933,31.24256/121.490511,57548,43
1001,31.180175/121.422303,1122836,943
1565,31.224855/121.480154,57793,41
1925,31.242283/121.504967,15073,11
2811,31.355465/121.412867,1854740,1456
1945,31.242948/121.608734,867650,687
1737,31.234709/121.436318,16805,14
1885,31.240837/121.409164,166706,134
1110,31.192275/121.462826,963330,744
986,31.177836/121.408499,21856,18
1860,31.239726/121.510008,68791,51
2620,31.305522/121.483135,1917037,1490
2842,31.369006/121.25552,115714,87
2025,31.247155/121.23112,1620574,1256
2969,31.441487/121.179013,465344,350
1610,31.228175/121.432303,5651,4
976,31.176998/121.423586,863956,680
873,31.160324/121.508559,2869,2
18,30.735272/121.380359,1439,1
186,30.903041/121.922883,293225,230
2930,31.412391/121.491247,18451,17
1236,31.202395/121.6278,2190954,1667
1543,31.223981/121.478274,1779165,1358
1869,31.240013/121.487148,0,0
252,30.936752/121.470783,193847,149
1122,31.193515/121.531662,102627,76
70,30.814573/121.352883,410642,325
597,31.088099/121.430111,958209,796
919,31.168688/121.487892,8218,6
194,30.90618/121.178287,116190,93
1408,31.214778/121.477545,0,0
2802,31.351256/121.519123,160738,128
1546,31.224117/121.4732,444042,346
732,31.13107/121.298444,952442,746
1169,31.197656/121.463533,472041,379
846,31.156811/121.236841,21124,17
1072,31.18851/121.403115,130363,100
2711,31.324066/121.536866,439700,342
2241,31.262993/121.08814,1404,1
1703,31.233248/121.479537,5604,4
1374,31.21245/121.637072,70241,52
2044,31.248482/121.53958,986510,769
824,31.153746/121.504388,0,0
2823,31.359311/121.310645,627331,485
1416,31.21535/121.46606,67211,52
2755,31.335141/121.413142,63199,51
1231,31.202103/121.445912,53534,40
557,31.070388/121.532962,1042984,807
580,31.081917/121.062248,1335437,992
1248,31.203473/121.445984,772313,608
1328,31.209905/121.37472,672714,506
1146,31.195623/121.398393,52244,43
973,31.176807/121.251063,880860,724
2515,31.293561/121.362372,528072,421
1937,31.242706/121.49688,14661,11
1954,31.243292/121.518833,17996,13
2548,31.297689/121.447357,618931,487
876,31.161066/121.354642,111263,88
1822,31.237926/121.46594,212386,178
1443,31.217073/121.524494,41839,31
1511,31.221688/121.462858,35459,29
605,31.092304/120.912151,20748,15
2084,31.251239/121.428578,1744225,1351
2569,31.299874/121.298501,508633,395
1927,31.242324/121.221984,1436,1
195,30.908341/121.870538,28027,21
1810,31.237466/121.397878,0,0
2769,31.33881/121.604229,2678,2
1204,31.200432/121.447381,1133643,872
263,30.94469/121.299291,205605,157
415,31.026816/121.426094,937874,710
2435,31.283201/121.665402,384900,295
1123,31.193608/121.448072,11185,9
1572,31.225477/121.448153,225086,178
1728,31.23423/121.436418,13951,11
2386,31.277484/121.382842,356750,282
742,31.134484/121.42764,385315,292
2660,31.312672/121.593011,675679,533
174,30.899462/121.164967,8610,6
485,31.045842/121.756555,293926,232
1941,31.242841/121.391309,425164,343
649,31.109806/121.242241,782593,602
2652,31.311763/121.21253,778253,583
1763,31.235454/121.172523,186355,145
2814,31.356008/121.596087,69365,59
692,31.120602/121.581473,651733,511
224,30.921604/121.471336,41814,32
114,30.864276/121.112687,14245,11
191,30.904648/121.173227,70204,55
2817,31.356868/121.555161,278282,225
2580,31.30092/121.16892,298926,224
1680,31.232518/121.465177,447101,347
2859,31.375832/121.389413,22645,16
810,31.150797/121.728702,296940,232
1604,31.227864/121.638217,1429,1
534,31.060659/121.399957,177384,144
2690,31.318389/121.653955,229282,173
2579,31.300808/121.54086,4069,3
197,30.908583/121.656169,1755986,1419
442,31.03732/121.18963,515908,395
804,31.150287/121.471783,80542,62
1241,31.203019/121.443614,38117,28
429,31.033659/121.577846,391258,320
2522,31.294215/121.527852,31830,24
2547,31.297527/121.376,871080,1013
1053,31.186411/121.402496,5648,6
1308,31.208892/121.556192,2756,2
1186,31.19907/121.517372,16921,14
514,31.054777/121.166179,4311,3
656,31.111396/121.379353,2476045,1945
1247,31.203422/121.526246,11312,9
1584,31.22656/121.490417,62124,48
912,31.167947/121.670231,654882,593
2154,31.256537/121.625952,25320,18
2518,31.294057/121.171316,995711,754
1920,31.242132/121.488632,17878,14
464,31.040408/121.204524,1437,1
621,31.100034/121.663489,859115,707
1683,31.232639/121.705254,1181353,937
1437,31.216686/121.493011,104715,79
1536,31.223306/121.378382,7149,6
253,30.938138/121.327668,961028,760
2135,31.254981/121.623923,899866,703
358,31.00816/121.274391,1193055,935
937,31.171648/121.110276,220195,172
310,30.977517/121.669761,51120,44
1596,31.227254/121.402789,210161,170
2181,31.258629/121.491056,58466,46
1882,31.240661/121.512436,10714,8
2587,31.301584/121.490912,186173,149
2852,31.371973/121.278978,535254,409
2565,31.299734/121.531717,7015,6
660,31.111986/121.38521,19454,14
1080,31.189366/121.443482,51776,38
783,31.145387/121.61623,1164827,917
940,31.171972/121.140685,1309827,1033
244,30.933573/121.55651,81179,64
2016,31.246672/121.527778,2816,2
2767,31.338453/121.449399,22987,18
2959,31.429482/121.184088,55249,44
1260,31.20414/121.406657,64150,46
1152,31.195907/121.410659,673537,537
2426,31.281813/121.354285,1619795,1316
542,31.064763/121.396913,354276,299
363,31.010124/121.538644,361478,281
910,31.167412/121.436492,1414,1
1362,31.211617/121.486703,462693,377
1337,31.210579/121.384648,209842,167
359,31.008378/121.431928,0,0
